Carica_1 (C),q1_unita,Carica_2 (C),q2_unita,distanza (m),forza (N)
48.81900563710478,uC,28.18250442152779,uC,8.866538926297567,0.15729020160014623
90.64624009185664,nC,-43.45603998278306,uC,7.481511211856741,-0.0006325031408652673
44.44367463836284,nC,24.754100941430607,uC,3.1024661683199835,0.001027269548831259
35.78579256486608,uC,94.18016272749774,uC,7.512358223602407,0.536733750300149
-96.87876172185616,nC,-23.085583375418533,uC,7.863992754776778,0.0003250308843776729
-39.76983449719004,uC,-52.39395251187173,uC,8.887977712332013,0.23706663657371294
52.62757144470845,uC,-50.89210480505554,uC,5.520250565035957,-0.7899281064213539
-29.76793666079061,uC,97.49739977314287,nC,7.656486632378161,-0.00044496322084429087
-91.98600047653764,uC,20.02377412615637,nC,3.725675394860109,-0.0011926116646236724
-8.475876075656775,nC,-64.73184791950679,uC,7.302941064595092,9.245883519302196e-05
-95.39123792304326,uC,-29.985361759024453,nC,9.687369631897807,0.00027393494769850006
-64.49147802535397,nC,3.012464451532796,nC,5.319315043897428,-6.170981458811005e-08
92.64709482829332,nC,54.30308309721964,uC,6.416324950380775,0.001098310153529118
-71.96761579985066,uC,41.86787501652938,uC,4.752137995115765,-1.1991716524488503
55.10033847855121,uC,31.45569431274563,uC,2.087820736037871,3.573621359168771
-54.001409167438936,uC,-10.763977299729271,uC,5.928190924024412,0.14865342090689018
-87.10426046247677,uC,-20.419609806700866,uC,7.059884774049477,0.3207251501647727
35.49023891871511,uC,-24.83032808807005,uC,6.151519598238399,-0.2092993902770958
-27.43112124134688,nC,87.44418773850937,nC,9.365705470283917,-2.45773424916151e-07
-83.24598635723594,nC,49.05277852653717,uC,1.5733975291942084,-0.01482488708977786
60.946556055178775,nC,56.21012957874842,nC,9.893711598194423,3.145478124561099e-07
37.21583204444807,uC,46.64074756326051,nC,4.584511132001667,0.0007422472183006241
-72.97219724906172,uC,56.647222949108254,uC,5.0843041791365735,-1.4371907159351585
-34.95611051471199,nC,-70.1137211322771,uC,8.099314777885898,0.0003357924836284986
-35.417838950668184,nC,-24.00201141066412,nC,9.308100104941436,8.818384116782119e-08
77.77795037066014,uC,52.33030168318041,uC,8.454183378288729,0.5118088735211728
-62.46391440605154,uC,-15.722812405004918,nC,6.918714054452592,0.00018439539524281448
-15.542280943027071,uC,92.9038486998969,nC,5.644608816547231,-0.0004073072751456416
60.4247835687204,nC,-69.25437613564618,uC,1.9069342209995,-0.010342661379161292
74.40496393180054,uC,16.319528321982453,uC,1.12150325915216,8.67660524251671
-70.9548233823196,nC,34.824826718160665,nC,1.81874204122499,-6.713826003931627e-06
86.58437276384755,nC,-66.23108692784297,nC,1.3493285454217077,-2.8307882709162158e-05
-29.03857529479956,uC,14.09997939813054,uC,4.794665369173874,-0.16007318449484043
50.95736021808595,nC,-18.70832458829184,uC,2.181482403935352,-0.0018004447370993857
34.32299166856606,uC,27.507733643439785,uC,1.1425806587095009,6.499914067848127
-69.68742916177315,nC,38.0665128194327,nC,5.301469769417076,-8.482939405222792e-07
19.51410341659037,nC,19.957221685384937,uC,2.3306218850070035,0.0006443865237945442
12.654715112169146,uC,-90.92296472894265,nC,9.998868809063076,-0.00010343454934069858
73.7687941520214,uC,56.3333584142036,nC,4.3332171388285285,0.001989110130870596
15.852561424544788,uC,-98.60144393440312,uC,7.04215273813345,-0.283278259235391
22.230001181952613,uC,-96.6557759365574,nC,1.6678165858693743,-0.006942439865560986
-90.94739142874612,nC,-51.49507811131765,nC,6.110469539381772,1.1273225839542157e-06
-13.01123004076791,uC,-53.00439271747148,uC,8.418454616907626,0.08745947670455376
-77.3529328336841,nC,-85.00780795401573,nC,3.3753582603942465,5.187250926165289e-06
4.079779899808739,nC,24.83886768761296,uC,9.484106719292257,1.0125513795697184e-05
85.06251618910485,nC,76.4777835371636,uC,2.9205079841415635,0.006854852723297955
-55.52653557243799,uC,-18.20520418420728,nC,5.1547460766315245,0.00034191880305339855
2.174919003817504,nC,-83.6774072562497,uC,8.100153869775422,-2.492907543060741e-05
-7.138571811073253,nC,-20.948452675643043,nC,4.018907137155709,8.321253377446198e-08
52.61673528398511,nC,-96.05583994103338,nC,6.223273843514795,-1.1728737175903954e-06
-14.812356198580623,nC,-25.725670742742896,uC,7.458676760076861,6.15614283010498e-05
-79.66143067423961,uC,-34.53406280983588,uC,1.0741138442697395,21.430709729347925
-32.89596174319129,nC,84.16226636918753,uC,1.188078946169958,-0.017628315563159552
8.324153839185524,uC,50.33624007584586,nC,7.059054846517036,7.557343523107261e-05
-60.15650822733931,nC,-67.3166651054603,uC,1.5074519696202509,0.016016206199727694
75.4089987279914,uC,-98.57158040559844,uC,5.432830275696974,-2.263414140353853
-90.83498858122084,nC,-41.17182681648131,nC,4.479976206292485,1.6747241943214256e-06
75.28522283716258,nC,36.62787286220927,uC,4.762453468421128,0.0010927010326433634
-55.24969713124492,nC,83.08574395855783,uC,3.0431435146513905,-0.004455053792971353
92.78134094492763,nC,59.11389016816097,nC,6.477873147129702,1.1746993083283417e-06
-27.04794493939292,nC,-51.9175710258535,uC,1.019683236080113,0.012138345269853612
-29.25223371445641,nC,-40.27913515233792,nC,9.223970864591864,1.2446428047293206e-07
16.4634445739732,uC,35.90422179338515,uC,1.3773841697642542,2.800254187525093
27.70403544957464,uC,-41.08110039566507,uC,3.1615841602031862,-1.0233330824673188
-31.565111352747337,nC,-96.59475611484685,nC,7.832257579150993,4.4671276091700746e-07
36.63051654317912,uC,-65.74222636465953,uC,6.193507148764312,-0.5642292155274075
-47.6090132218295,uC,52.27005301395857,nC,8.985389998751899,-0.000277019067550931
-97.10963825431472,nC,-53.63555822879557,nC,6.499105510501336,1.1082796839709699e-06
8.89844747031678,nC,7.176056814512179,uC,3.433534244832281,4.868091685185179e-05
90.7457836426808,nC,96.12974977969616,uC,6.448606502916388,0.001885358397079416
78.13542482477278,nC,22.85558237435097,nC,6.776695666918911,3.494988176146038e-07
-95.29426425472566,nC,-65.14633828573791,uC,6.251449710786115,0.0014276991263304727
92.21498106179608,nC,-28.41640747506096,nC,3.811701690781009,-1.620967284097841e-06
18.76746727234274,nC,67.04337208405492,nC,5.546097117834148,3.67644423328685e-07
-59.53637224166662,nC,-91.53818649876384,nC,2.426309668074267,8.320197220120853e-06
-84.6570990462746,nC,59.64456203899107,nC,9.309470710355535,-5.236313773075802e-07
4.803641954777516,uC,8.162134442398447,uC,1.961088965181392,0.0916265189757117
-73.25800127755804,nC,7.75154900820891,uC,8.707749769627648,-6.730899217353323e-05
-76.81026379872284,uC,-80.34641184623128,uC,2.546565264563013,8.55298139683215
59.58083905470903,uC,21.045189157845435,nC,3.4057123994686087,0.0009715942000185463
-31.68182376537062,nC,-31.424615717211896,uC,4.434955779508652,0.00045492831422314247
69.72658489879592,nC,30.66916451688621,nC,2.3968593127065594,3.345466300490452e-06
-59.682327799994496,uC,-87.69505298007047,nC,8.708696505587271,0.0006202345329333753
40.7709613046305,nC,34.32405123481295,uC,8.954400004015387,0.000156862061118057
-22.143155290671093,uC,52.24533367521114,uC,1.7094475578531596,-3.558089391452858
-48.960250090460086,uC,-95.44737384575204,nC,6.382115002819309,0.0010311450607959438
47.47002245592921,nC,34.83916644032083,uC,2.932434085574464,0.0017285107343022398
76.15816917117242,uC,-15.870052724955071,nC,8.151078838576364,-0.00016349560526668114
-44.51786713545775,nC,72.15294063841705,nC,8.664011429686584,-3.8458448311907243e-07
22.33672510658214,uC,80.64049829913014,uC,6.997898897752602,0.3305816788280773
52.843408794410806,uC,73.7010672697006,uC,8.666086169738666,0.4660795006866554
1.4894657886846407,uC,33.796081535058995,nC,9.710192368615552,4.798247217357883e-06
-21.64154395016842,nC,-44.65103394835974,nC,3.873317926329399,5.788884376610518e-07
99.87847293983587,nC,2.3295933489517653,uC,8.151323377412051,3.14729297311612e-05
-64.32101469915375,uC,33.713667479817346,uC,2.87130124785846,-2.3639744195768464
-98.783142291532,uC,60.25431308561963,nC,4.4887065830280335,-0.002655033149840108
-63.27465755750526,uC,-8.483702658188049,nC,9.885412107526514,4.937045049090998e-05
-47.79614865025704,nC,-59.41347490687803,nC,9.374014071954011,2.9044777950863677e-07
32.12456122452876,uC,-63.84233366349231,nC,3.85229068263612,-0.0012420791273521517
95.477617280693,nC,-32.65696490887977,nC,6.659078757759063,-6.319613166147728e-07
-77.35777084180751,nC,79.36495836765388,uC,7.425502661399254,-0.001000742696410866
82.76126873078798,uC,-9.129358575081335,uC,7.391933545922951,-0.12427755582231259
-88.53402975898905,uC,-60.06918528456931,nC,8.162647076657127,0.0007173669112303887
-70.58932470552769,nC,-11.851336448779607,uC,1.743111427947934,0.0024745569916952777
15.464604913385434,nC,-54.71427240127559,nC,5.467321239831124,-2.5440853622095495e-07
71.33292909804007,uC,34.05210081343958,nC,5.885707679429111,0.0006301994169043724
-4.512916274216664,nC,74.89425687591684,uC,7.757151475401342,-5.048270926424064e-05
-20.52134225777893,nC,-87.69265289618096,uC,7.595613070858251,0.00028033976957811337
-10.044864107223944,nC,55.24453757133788,uC,2.578225925010573,-0.0007502964166435363
10.885023110397803,nC,77.55638957953842,uC,6.79131933426276,0.00016450535558978641
6.539550132659368,uC,86.13997323834477,nC,8.801085807647594,6.536142342359913e-05
-3.620630207212501,uC,-59.35970188020326,uC,4.549265974285087,0.09333287205223774
-5.654853926400233,uC,-45.72383178910513,uC,7.384230978404236,0.04261817707337135
57.72650082449216,nC,-7.783055841456436,nC,9.855260192100266,-4.157484090419081e-08
61.50175400488224,uC,-67.12572204476949,uC,7.195693222936298,-0.7165930619299544
15.42367680487128,nC,-8.631327302412801,uC,2.932481349811745,-0.00013913499935525546
86.83401845479008,uC,-85.32859504060038,uC,7.29438161132712,-1.2515521207356874
-23.782820364398003,nC,31.334007788260283,uC,8.991393974733922,-8.28450670364138e-05
89.90004756521127,uC,53.16641345724736,uC,7.65598411464876,0.7328863695332966
-2.8440681849444047,uC,16.231724799036122,nC,9.37021954859006,-4.725486726699036e-06
-59.20313905284986,nC,39.68067696148756,nC,2.404443791475097,-3.652043611307963e-06
-15.823606665441543,uC,64.5978894952043,uC,7.1824422685337925,-0.17808236986138548
78.53010514985087,nC,-29.53694316967956,nC,6.136130983744378,-5.536736930981808e-07
-40.66872490079499,nC,92.43651317725922,nC,9.569063804173805,-3.6898321991864645e-07
87.21487376572959,nC,38.39741677931159,uC,3.429728670581284,0.0025586709749192233
71.58432664899053,nC,2.126358197534471,nC,2.622403379314,1.9892839759439624e-07
8.522085147140928,uC,-27.7797176465598,nC,1.483388626198207,-0.0009669526610115128
-21.79313402697285,nC,-40.71519395084415,nC,6.974899462951856,1.6392368172535115e-07
42.445160567157465,nC,-14.30472029523242,uC,5.400124795800764,-0.00018712911534016116
14.203417827462,uC,-38.07199293047503,uC,4.043174896589063,-0.29729994170288593
-1.2956758341794252,uC,-70.1321503067398,nC,9.370573332681284,9.30084897136485e-06
-4.530465548562896,nC,62.99333889902337,uC,2.6189158502191665,-0.00037396915100669254
-13.56900078094215,uC,-31.17260220241004,nC,4.104909570533501,0.00022560833611930884
17.445365968858013,uC,-70.90943822749249,nC,4.976598012056798,-0.00044891117001946755
-24.407759457263182,nC,-43.76346457248867,nC,2.1257951949552742,2.1244092051499136e-06
-62.83136319994752,nC,23.14865297747761,uC,8.614504568355462,-0.0001761501436131092
91.35202831777563,nC,51.29772071551143,nC,9.242381003783349,4.930488316364528e-07
-78.15908976202509,uC,-40.21276692233901,uC,4.72503207644165,1.2652470502518087
-49.39963580543444,uC,21.06432493774499,uC,5.900905690987116,-0.2685810400836515
-57.47075286626353,uC,-66.74581782931425,uC,9.598018505602916,0.37423912187037384
-58.89236620952215,nC,-4.492468792981411,uC,4.783385377835328,0.00010392373236800725
-63.67406914594654,uC,45.55648153663641,uC,9.345767311137015,-0.29848620059938974
94.07864678777868,nC,-55.69610154486264,uC,1.7951857523680783,-0.01461296958073199
16.51016394869851,nC,60.18910448059653,uC,8.981754971593137,0.00011071036119661101
96.8557553832226,uC,-41.39226210721505,nC,9.52001569596912,-0.000397567313631954
85.18083593063265,uC,1.2395079154221151,nC,7.499879977863991,1.6870345684123534e-05
43.61090817432309,uC,33.49579302997163,nC,1.5848727194877077,0.0052268257422227295
-49.36714485966846,uC,3.978704952925949,nC,4.569004087837691,-8.456254752509126e-05
2.3600611722773026,nC,-69.2428488525056,nC,7.674526539920296,-2.4936552352814064e-08
71.6077575840697,nC,91.93453440869506,nC,6.02051581591892,1.632348023532112e-06
98.6073304636828,nC,16.201492585458794,nC,2.024865539800656,3.501976724367622e-06
-90.62953363490143,uC,-17.69872479013164,uC,6.016664288225098,0.3982369634236651
-85.73674152205632,nC,47.207320207301045,uC,3.181290184272435,-0.0035942737966664262
62.86651781122577,uC,64.13976168362001,nC,4.508602914536461,0.0017828063755408977
31.45821998622181,uC,-49.18587491764392,nC,4.724796908253044,-0.0006229449383166509
-35.449605348596215,uC,-86.46504968547463,uC,4.298630851969708,1.4908470949310146
21.46860394486156,uC,43.70288641188459,uC,9.69166172121708,0.08977570774316929
90.06503809383508,uC,18.017532667008137,uC,5.835380040325862,0.4283065047597206
1.824725698463628,uC,-85.83864996365851,nC,8.253893600973097,-2.066351219107124e-05
81.15387674592702,uC,10.089415511046868,nC,9.240251284509856,8.618846009785446e-05
53.316455472693,uC,-66.1437521148176,nC,4.222705618173771,-0.0017775011514314376
93.63519552995972,nC,-16.597032331929896,nC,4.459387506526364,-7.023612486645917e-07
29.08626724385788,nC,-53.254641292198045,uC,1.5199338720962885,-0.0060261158003420455
-81.90108982241252,uC,-55.89702229307439,uC,6.775103933213998,0.89637107983915
-22.29541797799272,nC,63.363076633966486,nC,7.625897124072793,-2.1832898553412822e-07
77.4877089775291,nC,84.306325747304,nC,2.163547196305184,1.2543006345385245e-05
-25.814060047351155,uC,-87.8470387880567,uC,6.446353592002227,0.49045210355280533
-29.11651743957073,uC,-46.66369284614699,nC,1.724164254916701,0.004107737335782387
-49.79650140517765,uC,-44.61276133467052,nC,8.014711857810859,0.00031083042025461605
-46.954306059411024,uC,-94.16793910454771,nC,6.4888827986606765,0.0009438001418700511
-25.3151791223168,uC,-5.1822415991195445,nC,1.9578485833990475,0.0003075968364632635
-93.858706714735,uC,-49.275196834635125,uC,2.6572205852358204,5.886933408157386
1.4382847760648851,nC,-19.41613015913832,uC,8.500597948213926,-3.4733617117683323e-06
37.489327645023984,uC,-10.046168971192408,nC,1.6055841628782137,-0.0013130564118390778
-68.30897757762679,uC,-58.99300429338503,nC,9.952493841031467,0.0003656418266163642
24.881800254918943,uC,-14.947442162371692,uC,2.95696646693062,-0.38229382935810163
-54.62799882389552,uC,-88.4176105992695,nC,6.162546263460272,0.0011430759477424478
-68.3666786621889,uC,90.4724107751553,nC,6.997109532645226,-0.001135441349795697
-43.31988850502141,nC,-20.00300653087282,nC,3.261834639751296,7.319815457271291e-07
-95.10184360145664,nC,-55.184123393943246,uC,1.2721009463170088,0.029147501873906523
-30.613882803397807,uC,48.2828234019618,nC,7.141788189970772,-0.0002604585076666211
-55.41208579409364,nC,-43.28687662123185,uC,2.2008483363487086,0.004450634425899493
-9.35352599111124,nC,11.956217081342867,nC,6.532771038928535,-2.355134316514965e-08
-8.183686838676271,nC,-18.727648999448125,uC,2.023731125091467,0.00033633188924118014
86.53124895703881,nC,-28.39257820338276,uC,4.281712789997683,-0.0012044371555329527
-99.53736130380048,nC,-26.29038086513986,nC,1.0779567265206884,2.0240524093342546e-05
2.534570817396173,nC,50.60545721111944,uC,4.519576678906082,5.643488848660891e-05
18.71446614124121,nC,-17.68956199171135,nC,6.348051832393949,-7.383376247078096e-08
28.65741196466679,uC,94.73747889016464,nC,7.548414975378685,0.00042824141088720127
98.5085420253154,uC,86.95530136219521,uC,9.981245021772574,0.7727551858983502
-41.93755389669319,nC,29.98148805538244,nC,1.6032605661251949,-4.396321700300433e-06
35.418386751135685,uC,67.7429017858511,nC,5.5687943916476605,0.0006953630524688231
-59.68459846282923,uC,46.6262037679809,nC,4.810536488236238,-0.0010808034281837415
58.96249834303173,nC,36.20161707086192,nC,2.519646967260451,3.0218010169316015e-06
43.834131053622855,nC,7.147505161735688,uC,6.231878739108254,7.250539070527179e-05
77.28981302026024,nC,-50.10374423658833,nC,7.95066821381618,-5.505877994620744e-07
50.92962180704187,nC,12.993225832170848,nC,3.80670175312513,4.104224796885357e-07
-53.53071111481314,nC,-29.40884250009084,nC,8.188490693360386,2.1101563287500246e-07
81.99422456632588,uC,-23.07038496719729,uC,5.892199701017867,-0.4896937884050414
74.82466691680746,nC,86.27728892846017,uC,8.745560991438436,0.0007585904001298966
80.23037356735294,uC,86.74218772282434,uC,7.368248844832639,1.1520783685245808
43.734365102878265,uC,94.674815518494,uC,5.437956424680196,1.2584247566564342
64.07125396004737,uC,-97.32616746140272,nC,1.1689996637057016,-0.04101148351514372
-38.99767426491504,uC,1.3072098799405207,uC,1.5962054880914152,-0.17982407533052555
-60.71219605113183,uC,59.18661068081639,uC,5.455719911033298,-1.0850173600241455
-37.16773523569467,nC,-78.8464349734495,uC,7.7341970076863005,0.0004403105644894145
-38.39750214047413,nC,40.282898256609215,nC,6.654000484436951,-3.1397815455108793e-07
-3.71369789801958,uC,57.52132767982191,nC,7.248715113744975,-3.6538845108076965e-05
-55.74867750904654,uC,-2.4154609111279512,nC,2.996626084390649,0.00013477547717250107
-98.1913503525719,nC,70.23034685624097,nC,5.393390149801494,-2.1306679675391633e-06
-87.24073825705437,uC,-15.921821510252377,nC,9.763026269870528,0.00013097384381738426
-61.492287464062365,nC,92.82638774596076,nC,2.179443058035549,-1.0800464951883747e-05
71.74979553920352,nC,48.06941970622014,uC,8.615738405502526,0.00041758601411203533
16.86159976651622,nC,-14.305456185702624,nC,7.14536939238559,-4.2461225407123846e-08
-90.7950176169949,uC,-70.89102770378523,uC,1.371022302437964,30.775538203932168
-73.43658354746552,uC,80.81192983983665,uC,1.880428838768628,-15.083965914853906
92.77821898355032,uC,-95.03194322412412,uC,7.766446516317967,-1.3137488099777026
51.43913262774512,uC,62.465232062819055,uC,2.9092450199615394,3.412029690083529
-54.63616963055836,uC,33.92094945036113,uC,2.424342170319427,-2.834012873551421
-61.78401142034209,nC,-96.32259526514346,uC,1.06397206144374,0.0472481964665611
-49.70249347201916,nC,-36.483684212088974,nC,5.036568947720592,6.424638618055821e-07
40.21424117861905,nC,94.20440074668066,nC,9.601208971937815,3.693521496707532e-07
41.98180725045312,uC,-38.98750709678503,uC,6.678420249157746,-0.32982267896281764
19.06394021031073,uC,17.42672866023557,nC,6.098780828922019,8.027566087323445e-05
-55.84083104169408,nC,-44.07896215379808,uC,3.532367661729505,0.0017729351038810552
-74.63673601946034,uC,-62.29487465537397,nC,9.262443096492271,0.00048707434519050844
-30.94038655853793,nC,55.30419928418561,uC,6.914290223611431,-0.00032168442969522074
-32.57765560022089,uC,87.01106519713737,nC,9.370000186942129,-0.00029017267952413076
-45.26911650049284,uC,-14.241269789338796,uC,3.305435945148401,0.5303158989251198
46.3147474763483,uC,-32.933616530597504,uC,1.97189902446816,-3.5255817278077304
-73.67597226518443,nC,-75.96912898636293,uC,9.578351927045311,0.0005483058118595209
-45.88549134997585,nC,-54.46579721359662,uC,7.292128211536736,0.00042240793280498665
-21.845368325964824,nC,-86.4519974469182,uC,8.551651711776312,0.0002321003525083075
33.076533176877355,nC,-50.99068590054259,nC,8.971589253579173,-1.8832738661439608e-07
83.60088395325441,nC,15.606475680436592,uC,3.975580468162754,0.000741918189887242
58.15634093832677,uC,40.38183149812528,uC,1.972261672545168,5.426195316382465
-99.85314561441388,uC,-8.484730364950092,uC,8.339377225830656,0.109489875959351
-92.82427555127776,nC,78.18631074074511,nC,9.821222657272026,-6.762426870568027e-07
39.81927114298392,nC,-41.588477180309965,uC,7.077785136865895,-0.0002971070669070789
65.29001445378456,nC,96.24053487970951,uC,6.411003926308631,0.0013740233500545579
91.5938404854044,uC,-48.84815964335058,nC,1.627336074991678,-0.015184530822701584
-25.130870096139983,nC,53.12540406627911,uC,3.0122842678382744,-0.0013223891290191664
-3.1046876173007303,nC,24.82448680131646,nC,4.011877895941392,-4.303721716963303e-08
94.8473042741344,uC,77.40078169315096,nC,9.165536495416372,0.0007854091614157218
9.185045125324024,nC,-51.25835462062656,uC,8.873570924062419,-5.3739115250683225e-05
-5.608648323495204,nC,66.629742683388,uC,9.950712552596231,-3.392027697792434e-05
13.880514894925588,nC,20.3849063259806,uC,8.489715352114175,3.5283320057814975e-05
-48.80107796899941,nC,96.4327930997038,uC,3.594871807103695,-0.0032728699688530922
-41.49317246138002,uC,44.26950083476984,nC,1.692844404715366,-0.005760876797688552
-23.204168292369168,nC,-21.672320385449005,nC,8.984933877696903,5.5986465949733854e-08
-75.96446480231288,uC,-95.70326145216626,nC,9.904968015976756,0.0006659973050032412
97.28059524124282,nC,10.363205523373828,uC,8.984481701794113,0.00011224724217491175
56.34970414136256,uC,-4.153548253459851,uC,6.158376630463544,-0.0554651018790225
89.15347681271575,nC,-69.12808548032994,nC,7.91055364371469,-8.85157309027405e-07
-64.03681462166284,uC,93.934965967176,uC,7.956254090693312,-0.8540457199959898
26.15710127834372,nC,-18.833612099013493,uC,4.076020607474447,-0.0002664967391140707
-95.22644808793936,uC,61.35919883331407,uC,8.992094090436975,-0.6494668472848381
59.96740642841064,uC,-19.430364132969217,uC,3.159900578913166,-1.048795402299092
-36.31954916211912,nC,-54.346877938178274,uC,6.802422273372288,0.0003833798464455596
-76.37425658345379,uC,-39.81179889946497,nC,3.748657000581444,0.001944682895852164
33.42888174433375,nC,69.11182615921159,uC,5.464887369867143,0.0006952695224872857
1.0641344920490952,nC,43.728011865659134,nC,5.972979479170576,1.1722375076695329e-08
-79.99535316541332,nC,-29.836230881909017,uC,7.670285758967965,0.00036460870845944485
62.98890968790979,uC,-92.371809722047,nC,1.359606529050263,-0.02828905671731351
61.17503156251218,nC,-44.09583019598386,uC,2.0426727523318418,-0.0058105272214452955
-19.04212444091151,uC,-81.48260484892549,nC,3.048498655941909,0.0015005473127908426
-85.51809075333676,uC,-82.35199069404118,uC,9.829124102654282,0.6551547095993008
-96.54622966019902,nC,-83.94561893698192,nC,8.240844663633613,1.0725839748941212e-06
-99.94232131189712,nC,-22.920106265457804,nC,6.64248876288972,4.6660115397096584e-07
-7.536798138894849,uC,-98.02355070362428,uC,5.501146451270951,0.219407922766443
-5.479413405911668,uC,91.74573005507968,uC,5.602250609892581,-0.14395815426123404
12.137643055384697,nC,-26.14063159295781,uC,6.04783982266276,-7.796349209027293e-05
-12.717608031351608,uC,-8.832624644200953,nC,8.739679785574594,1.3217386049155768e-05
-22.24622014330815,nC,-38.30058998187561,nC,6.6216798564147465,1.7464925647269642e-07
-66.21569596534654,nC,84.70884801286283,uC,8.393347135904046,-0.0007155842272387699
-67.49431140458712,uC,61.47680646307067,uC,3.360681865206276,-3.3019087807807246
68.93601132843779,uC,89.29451684021357,uC,5.79135738443373,1.6494973303717957
-30.96147357808408,nC,29.98605744215452,uC,1.9495550482463213,-0.0021953885349058773
49.71493379816209,uC,-42.13205079131916,nC,4.886711059514727,-0.0007883290828997379
72.0594735999169,uC,68.6653239372297,nC,4.459566063652732,0.0022360667345035163
-99.33396689214658,nC,12.873474204900589,uC,3.94732934273196,-0.0007376124298658244
-83.02661947720343,nC,82.22808894856949,nC,9.027303241997464,-7.529443796321824e-07
-59.728801491252426,nC,-63.12538950666715,nC,9.11949546007781,4.0746250836012433e-07
-94.98147555562603,uC,58.800219518593,uC,3.871262172000894,-3.3493003738034255
91.99713647913192,nC,57.30860265961319,nC,6.210261852076938,1.2286147088441494e-06
-72.09624099427745,uC,-80.33956116233469,nC,7.95843350419382,0.0008219176357814829
96.77783625764532,nC,46.62974873665405,uC,3.5478427498324394,0.003222193850349621
3.570147427488919,uC,10.703550584319236,uC,2.8928805936814985,0.04103877665343751
-70.31166359525216,uC,13.78734680011697,uC,7.66921308260557,-0.1481316534805653
-28.572554060993472,uC,60.79862606070493,uC,3.5449245348255727,-1.2424251834849334
81.10595732390121,nC,-82.5101351293171,nC,1.3964693451543455,-3.0841723970815675e-05
-73.02056827378844,uC,42.607433163552464,nC,8.005371461143351,-0.000436323906264177
90.82246785726304,nC,-82.28853881560245,nC,1.3155576161648357,-3.8810953175491386e-05
11.577430897300816,nC,-68.22745139405538,uC,6.288043752474711,-0.00017954844264317423
96.94750708051996,nC,20.22387539356646,uC,9.144881302847498,0.00021071055314393224
51.43583589455659,uC,-80.37218803260993,nC,5.616068386352838,-0.0011780079590459932
-61.11491497774461,uC,84.97974099110023,nC,4.114158591557509,-0.0027576678982664856
30.05914827460079,uC,-68.59732603341944,nC,1.7190165745724986,-0.006271409152984528
-51.23143183234039,nC,36.51583962964706,nC,1.2791442767024483,-1.0275906098343685e-05
11.895221994162458,uC,-84.6200890018113,uC,6.98555808071215,-0.18538953687314988
73.82193246720165,uC,51.48419919793764,uC,8.908939080704549,0.4303767476726121
-51.14368393152188,nC,24.505861973023777,nC,2.579329943125469,-1.6931272400630445e-06
-39.83346083377947,uC,-50.60133913387156,nC,8.133791280047268,0.00027382015338713516
-79.93784473565806,nC,-80.4634493103444,uC,7.6503774970663905,0.0009877038717024372
7.423527879233791,nC,57.30331525508724,nC,7.384600650352257,7.010959690699878e-08
10.208540840579497,nC,56.32636545369717,nC,1.7717282680445847,1.6463515482808202e-06
-92.53461840170974,nC,-42.48768455865379,nC,6.411516981273013,8.595816084968552e-07
77.14332976565149,uC,93.1716206373884,nC,3.728050356355536,0.004647933400797814
-30.933270296286725,nC,-75.26093108028408,uC,3.208724887071015,0.0020322253478058487
58.03745370243111,nC,-46.17616021798836,nC,3.6643276304448,-1.7938204795370705e-06
13.587346327293336,nC,-63.73000019742063,nC,3.860411117367403,-5.22219224952246e-07
-58.29350393169747,uC,45.61742478436667,uC,5.907532879673596,-0.6848256788231201
-53.09790920601664,uC,-34.01324151806511,uC,9.573306474104822,0.1771099354508621
-84.68704763500004,uC,-88.54488618886255,uC,4.334276862331727,3.5874725272179595
-30.95649902080628,uC,-35.32049697073699,uC,6.113097186514951,0.26296469798809247
-96.2932722606994,nC,-15.437935532676,uC,6.919959795382113,0.0002790097833673707
76.8787142574061,nC,-29.63522593035313,nC,9.048383088683556,-2.501000631004569e-07
-8.151816676435626,uC,58.680368958780406,nC,9.620674871392296,-4.64491285379425e-05
-80.28253525274837,nC,-82.1831009884275,nC,5.889420581370374,1.7096211018028745e-06
-52.91694650738553,uC,-88.73264931861603,uC,5.005266507174223,1.6844775118089925
-97.64236325321362,uC,76.45024223232971,nC,3.507742926400653,-0.0054525924645726495
-71.36507721764708,nC,12.01410167144952,uC,1.8834858225967253,-0.002172169633276189
26.5156351380737,uC,-78.78370894433283,nC,1.5717490239214855,-0.007599997760652532
72.62924034319786,uC,2.8810670633809474,uC,1.543791929240101,0.7890940035036293
-89.96819261648596,nC,-56.8782128453679,nC,6.530281960652164,1.078480947822419e-06
3.848272931650454,uC,6.651015401517576,uC,2.0861978749804604,0.05285477497833126
46.430846401180254,nC,-60.39474389110062,nC,8.358676798835997,-3.607215470422243e-07
50.04361546677227,uC,-29.95003134692186,nC,4.946019170783732,-0.0005506501666432803
43.97259267290737,nC,47.87521477501144,uC,8.20335579098455,0.000281158435745058
-57.17753089390735,uC,-60.02963217026339,nC,2.887229478665031,0.0037005806967572623
-73.4083778102606,uC,-41.78956225597906,nC,1.0796394833139382,0.023653604871846794
-92.4196591102432,nC,11.700755928652365,uC,7.36587657819852,-0.00017913102604348444
-8.005211599343143,uC,64.69973302658386,nC,7.496383011139996,-8.28348662168805e-05
-11.833880892260046,nC,-84.94317158410676,nC,8.223264996016256,1.3360062844605775e-07
94.44157279111876,nC,-86.73656963334753,nC,5.526666659084769,-2.4103511524460667e-06
27.614490963731765,nC,89.57437128888091,nC,2.7254906060443087,2.992766526469058e-06
-91.52440351978257,nC,62.57862623501515,nC,5.387294179197683,-1.7736297125562519e-06
-49.88289853286062,uC,19.76943766718853,uC,4.139757864371936,-0.5171750004987374
-36.58746934464677,uC,-85.14749976286045,uC,6.826711065810624,0.6007899143659838
22.948109441332303,nC,3.914169405596939,uC,2.3216151764854773,0.00014977780728594797
82.88741960062855,uC,32.87680331106818,nC,3.3093188634130573,0.0022363634179901433
41.786200011198815,uC,-91.94813756642482,nC,8.923324923336688,-0.0004336744210646861
-91.93103287714662,uC,-65.85464734511226,nC,8.293135273414629,0.0007911384192964771
90.7423925685594,nC,18.006581077921588,uC,8.138390500112227,0.0002217204972018186
25.73291143539072,uC,-53.82569578808475,uC,9.345831826817085,-0.1425227062364789
90.47794286554571,nC,6.264066382202518,uC,5.965869802200528,0.00014311756314888297
-63.35969338633643,uC,92.40858615719628,nC,5.968942667460767,-0.001476971053142727
-7.220557361316951,uC,-42.63536289214815,uC,6.760680769311336,0.06053425936547441
-42.71714709768488,nC,-71.01348146972299,nC,9.84366530285344,2.8136545387104597e-07
-61.90186780488386,nC,54.62709367620292,nC,1.8762177238833728,-8.633497874490416e-06
10.866518432455818,nC,-11.979634864015852,nC,5.619550619496224,-3.704863681905593e-08
94.47136573239564,uC,-3.702191365352113,uC,8.720677811184636,-0.04133329048788429
-12.817455543262843,uC,-1.670282508395548,nC,5.025992939126716,7.617095676946816e-06
-38.82291501596468,uC,-45.17014670081926,nC,9.530900762325102,0.00017350546284404427
69.19724796784196,nC,61.39105441481682,uC,3.0421319356564585,0.004125525071735111
-68.43861505534056,uC,-96.48051767043206,nC,9.488621463868832,0.000659137470203871
54.12527052361516,uC,-50.40524893471379,nC,1.326864033982726,-0.013927219024813585
15.842068046917833,nC,85.96723039125665,uC,9.088755179597417,0.00014817584258065389
-98.98433202686546,uC,-86.94989748045194,nC,2.0352992013203286,0.0186732715443803
-17.8435596063313,nC,28.99956473963968,nC,6.96467021205833,-9.587674207339199e-08
40.38317537175752,nC,-77.74152433197871,nC,1.101624515958963,-2.3250255959797065e-05
-93.52971740885444,nC,10.59006699638006,nC,9.858098164770606,-9.160168425095039e-08
76.94213289861247,nC,7.235141760633424,nC,8.492402801062255,6.937316397145894e-08
7.0517860521385,uC,97.61548332743877,nC,1.1869847483070477,0.004391055893040129
-22.43591480503308,nC,-20.41814931559789,nC,9.944746468684205,4.163074015924826e-08
-89.7876523910122,nC,-28.02789983466984,nC,7.214830308902879,4.34506559666594e-07
-54.58741526696205,uC,38.12372255325496,uC,2.531024400431688,-2.9196888622989428
-78.77444473562787,nC,-77.25626915231798,uC,3.3016700012239206,0.005017566771411568
-64.232574012297,uC,-94.49767969805715,nC,5.696891985370392,0.0016809001139884352
-4.14685406144596,uC,-80.92667464571213,uC,3.806877498373724,0.20812011118251214
27.494007475366235,nC,62.62625999815181,nC,5.441664119067012,5.226036821812457e-07
79.80096616050476,nC,-22.221755189318365,nC,1.5252152300246709,-6.851184258835971e-06
-54.45553810624493,uC,16.77880951269138,nC,4.055813591490368,-0.000499216155119049
36.216283858362,uC,62.20372741680501,uC,5.56582741439983,0.6535852310726286
38.603427184576034,nC,-52.52441914067138,uC,3.7231539755000576,-0.0013146390621536798
92.00469342093338,nC,73.9591189172375,uC,4.0114569891816,0.003800483376101552
-42.82840869733997,nC,-98.3876032178904,nC,3.663315757888528,2.8220520346419357e-06
-75.57593480890439,uC,26.69379117589866,nC,1.6057846735730237,-0.007031703915243567
65.60910338137234,uC,60.2321640641146,uC,8.060217073673126,0.5466892065428789
-97.6025073701255,uC,36.45056889119925,nC,2.4493571730637824,-0.0053296961673631755
29.538893799653824,uC,46.16719032793621,uC,1.7734068466402766,3.8971966148387183
27.6787186989618,uC,-78.79930264303994,uC,2.2444698748718235,-3.891187881381858
-5.41023842593944,nC,89.03750694323969,uC,8.995884687225097,-5.349867700247703e-05
39.07100913681205,nC,13.05132372735937,uC,3.70181916410808,0.00033444152712537866
64.8962383360109,uC,30.68439810957828,uC,1.0636165830793676,15.820067750513854
97.7985047994495,nC,-4.293035636580876,nC,5.969634562192953,-1.0588699476045483e-07
28.41900596388709,nC,51.9689592084196,uC,8.9801361646489,0.0001645994822269783
79.96300492001453,nC,91.00094519292936,uC,3.7484939267858897,0.004654390229645079
98.6943952031352,nC,-47.22006857074817,uC,9.652187571502925,-0.0004495820917043919
-18.925358209762013,uC,29.437131280248,uC,6.500612085204262,-0.11848748937182166
52.03784588644419,nC,99.58806058031732,uC,1.5533167034417144,0.019304029237171554
40.15256315884259,nC,-16.443355284290746,uC,9.101167544591616,-7.163922874218829e-05
-60.01420790750606,uC,-68.11222048586971,nC,7.1680947693310895,0.0007150115318778883
74.19981254103108,nC,71.01225637743543,uC,1.5130051806507567,0.02068696103097719
41.6167614601844,nC,25.587139436113468,nC,9.968542223196277,9.630927590250161e-08
58.12858385383337,uC,82.13658357792988,uC,3.205340679784753,4.176566424003688
36.78950538113442,nC,51.28512467228512,nC,8.579892550087912,2.3035257566788799e-07
19.553243540583,uC,41.53100979559751,uC,8.039285189051094,0.11292701169253448
-51.89039803293507,nC,45.16228990133696,nC,4.890497088211777,-8.806398887097943e-07
17.850066639829596,uC,-65.23465685981911,uC,4.584128191571654,-0.4980192415207797
-47.2571777738028,nC,-73.69140992918211,uC,8.6512568020772,0.0004181842252457115
-16.352959185408185,uC,-67.81584518914954,nC,3.4216440732017364,0.0008513326214154522
9.237949660691084,uC,-75.14819387464986,uC,7.11578592605126,-0.12322243774970038
5.942538331314149,nC,-80.62202426002904,uC,6.742006449436246,-9.473026862096806e-05
61.11270834902354,uC,8.727720250396853,nC,5.004406340283129,0.00019141176287267362
55.42294670764046,nC,78.20519422852298,uC,6.917868487042194,0.0008139955195748291
-59.29683615435344,nC,90.57932080361526,nC,9.889292733366236,-4.935958758752668e-07
87.6378762085755,nC,68.30694973778549,uC,2.4646314555508657,0.008857153448650078
-90.98755715875171,uC,-96.21432145184254,nC,3.19804787729188,0.007692955323305879
-10.33413139536567,nC,-63.36103160975313,uC,4.513709571729509,0.0002888486896322572
4.614621219952314,nC,87.7033238656322,uC,7.791902073908553,5.9910996907839584e-05
-4.093008973256584,uC,-54.97796668595956,nC,8.272821466689102,2.955054347432762e-05
94.48093908768254,uC,94.10524998640597,uC,7.393507563339866,1.4618352065085267
-69.4538480508073,uC,-92.38117625856944,uC,8.6075713036219,0.7783231504890157
-26.42968329132337,uC,86.21651930955979,uC,6.0237801490676,-0.5643982063518813
-1.4788271501085797,uC,22.08492207565932,nC,2.3718605417077803,-5.217667407085681e-05
6.659982467412286,uC,-44.57977678890406,nC,8.619108032944943,-3.591928913461631e-05
-26.60987340637152,nC,68.5948034366342,uC,3.538703050196645,-0.0013100479433759207
80.8821783764309,nC,79.38068761071148,uC,4.253375268956951,0.0031896402201303333
-32.81861249502421,uC,98.06869600752776,nC,4.781709129780458,-0.0012651024990745039
-77.8553669803055,nC,42.21490033916378,nC,2.2607508398484777,-5.779500809061883e-06
-24.3065081185486,nC,-90.55001860307311,nC,3.3023958842512418,1.8138202813794702e-06
-52.27241501206399,nC,10.212518246926315,nC,5.028296764035968,-1.8976014964399066e-07
-34.97027860448037,uC,41.52899871841417,nC,6.308231581641291,-0.0003280021586626223
65.30477172252634,uC,87.75431520797093,nC,9.600704817759125,0.0005587899274533129
72.9141414287736,nC,91.9761176588036,nC,3.1936739467862862,5.9094504490993875e-06
-81.0835607928387,nC,-88.74620429710161,uC,1.7971209832238555,0.020024854801527665
-61.16192309309085,uC,-2.0628115799956603,nC,4.837449096608331,4.8456192171927004e-05
-40.96988569621112,uC,-56.2379522913874,nC,5.031956193616038,0.000817827959816743
-68.1217538439426,nC,-29.12924470876204,nC,9.106195479477911,2.1507132608564263e-07
83.40239016002378,uC,96.49637816798352,uC,7.761027751563462,1.2008601781473327
94.57755940675388,uC,-99.71496053142268,nC,6.873861773922098,-0.0017938587411088038
46.76375581818385,uC,89.5409390102728,nC,8.184918013610892,0.0005617508880204703
-64.0174199531352,uC,-55.508060663107294,nC,5.261894080060855,0.0011534835998775214
-68.1365173076205,nC,84.41751934931808,uC,3.998013853626447,-0.0032341885430225096
-57.453393513939744,nC,62.52505809266633,uC,5.555737846875025,-0.0010459904171670152
-65.41547318992158,nC,83.681469761994,nC,6.008861508183321,-1.3625950399491805e-06
-20.2024191075282,nC,73.61367687942409,uC,6.002564674054281,-0.0003709621475580964
-10.313644344945564,nC,-1.6349210771060252,nC,7.461757465193956,2.7218744720396546e-09
-51.05421627013895,uC,83.5772465463217,nC,7.384183139176466,-0.0007033251708866336
-62.52855446745776,nC,-81.67852010680771,nC,8.580113396450187,6.235073825624605e-07
-81.76385430402996,uC,14.4552778482536,nC,9.55068527925023,-0.00011645553564070097
57.98355656331462,nC,-89.03846978929198,nC,3.3509318311962746,-4.132308705122937e-06
-15.738654020986656,uC,-25.48005360278984,uC,1.3960251809647877,1.8493658249398386
-37.11515132092505,uC,-89.88032055444806,nC,6.827936349371014,0.000643099728769985
-83.35844335815823,nC,33.146680247997345,nC,3.516052322728533,-2.008724527176355e-06
80.52040491362894,uC,68.12476671277749,nC,6.538569219894855,0.001153152999298151
91.08103512411776,uC,7.800776432576481,uC,8.876039610968842,0.0810529324040815
-64.68600854304839,uC,-3.475839943904512,nC,3.5307825973277978,0.00016209498364448265
-59.104914381622685,uC,41.42663327995584,uC,1.4746803262521335,-10.119262590259694
46.29760263290301,uC,37.16066138535099,nC,8.182924504094544,0.00023092250256092852
-53.60652737501363,uC,-8.448576639573268,uC,6.572458079746006,0.09422952006685882
-78.52241706789658,nC,67.62464446089383,uC,6.179112597670569,-0.001249936188813753
39.22808070817221,uC,-30.31602205501432,nC,2.7348730351925896,-0.001429013534225556
-69.83783365438939,uC,7.661969703697133,uC,4.716063254359985,-0.21622870774373504
-3.9577489595207744,uC,26.37183905617141,uC,6.970051682361047,-0.019308923832244973
57.58940629374417,uC,27.912210033285103,uC,9.073487828709496,0.1754808420890423
57.05529574324359,uC,-94.26725777671808,nC,2.882106032022626,-0.0058194016373200284
52.94919531855104,nC,97.8048822901102,nC,2.009986095849288,1.1520602675969824e-05
50.40523423664354,nC,-65.19612271342623,nC,7.634327351238027,-5.067540820736557e-07
-94.216964853035,nC,-30.72824971411677,uC,6.7706654650592055,0.0005676042348127874
27.98064081844153,uC,61.8152969283617,uC,5.732247603225648,0.4730914939164121
4.253427496584472,nC,72.75615818182166,uC,2.360563754371945,0.0004991358112160064
-11.879549714329883,uC,11.738678012278044,uC,6.0120590037594015,-0.034674811375431096
23.583749108578463,nC,82.27254855658329,uC,9.54997551594108,0.00019120739577705407
31.55298140856709,uC,13.92059217304412,nC,2.292391034030924,0.000751211305939988
-60.44044430936657,uC,-5.537855007376171,nC,2.3099893108786658,0.000563755373773441
-59.17388067136669,uC,63.99430163189135,nC,1.5465897743006036,-0.014228610562618031
32.444035841639085,nC,-20.94103803285492,uC,6.503638371537094,-0.0001443649333474618
-36.23904718314866,uC,-45.40414906432679,nC,3.525211254305141,0.001189990300373563
-84.82929116776084,uC,-32.56109687353256,uC,3.841851201888152,1.6819194389756607
52.83839014687593,uC,-53.15582237641439,uC,2.3772535596764754,-4.4667414229653355
-51.115537141585264,nC,98.57905864319572,uC,3.5147518357662086,-0.003665976433135048
-4.268690509797253,uC,-40.66303339313228,nC,6.39387228879313,3.81599619465204e-05
69.4748316112024,uC,-39.87931166229949,uC,6.301896765112885,-0.6270093159685448
-23.721183301872788,uC,93.27275015056698,nC,1.230850355972621,-0.013125686481104718
-88.6763278835742,nC,-11.663311719146316,nC,4.425132132517734,4.7469920394932663e-07
-98.48293224689893,uC,46.97773428714554,nC,3.7097638052477375,-0.003021356170434817
-41.84579224622762,uC,-30.446155198665064,nC,4.963351175019644,0.0004648101992506048
-51.02970644194923,nC,-43.85612504332548,nC,4.51129008612284,9.883100787746464e-07
-84.94153010734586,uC,-45.22880611101719,nC,8.544906676367692,0.0004728919947318828
43.76774763899713,nC,25.61877016492068,uC,3.7520539626638976,0.000715839616207355
33.08889684852774,uC,-70.81835688704464,nC,1.5613232806142865,-0.008639405722908552
-57.29359617066718,uC,-24.267860614625608,uC,7.225235182369904,0.23937291283936823
-85.65869788465236,nC,-93.2722025412436,uC,3.03809322738864,0.007779701138669419
37.483747995945336,nC,-87.26886432543833,nC,1.0620439983481291,-2.606505956393358e-05
21.46593607047028,nC,-64.80629875019814,nC,4.692275978955337,-5.678601087476041e-07
31.178967832834868,uC,81.84575080294535,nC,5.144677850488383,0.0008665286103292403
-75.49163888158805,nC,73.37614175654645,nC,4.131469396798899,-2.916661652292792e-06
-39.04478023198787,uC,-97.87285672330071,nC,9.247257461015176,0.00040164351094589565
-16.815922407105354,nC,38.99951420959463,nC,3.032037397822898,-6.411389931224037e-07
-70.49577318821648,uC,91.65547779811578,nC,6.9189783417431805,-0.0012130507416898196
2.681827964220063,uC,-8.184370027196342,nC,4.932696010617386,-8.107535773841898e-06
-19.192216760312323,nC,58.29855677559329,nC,4.300944187936924,-5.436216393960936e-07
56.95514634789999,uC,6.630382112047935,nC,8.485976870856163,4.713128150992411e-05
19.82013285929778,uC,32.204336589610215,uC,3.762259426949825,0.40528902776677084
56.25265732072274,nC,-13.454705483382895,nC,1.1403368013492967,-5.231092073809138e-06
37.63013388740613,uC,-79.42111632247796,nC,8.251201921658765,-0.0003945288134254477
48.79841356602197,nC,68.78971658128881,nC,6.850367902962876,6.428991288130347e-07
67.73944687753901,uC,89.38023086508558,uC,6.977871703540985,1.1175798529214223
-47.23523514147228,nC,-38.30804498565473,nC,8.715124364183517,2.141165804260733e-07
-90.4411391877877,nC,40.17084581739615,nC,4.470212500411587,-1.6340376875462684e-06
-48.09410253804433,uC,87.59845105750486,nC,3.837557559502408,-0.0025711052369402922
5.926317495125032,nC,87.59036290206272,nC,5.525542942216308,1.5280329858843997e-07
-71.6818638256009,uC,-67.43871242204644,nC,5.9041339165918245,0.0012463716615588912
-11.725697268638331,uC,-36.43895820091321,nC,4.486606104825013,0.00019077003069226025
48.970223968863735,nC,-30.571097196064457,nC,1.794473791771241,-4.178402594551994e-06
-98.81896086126564,uC,86.01323332810443,nC,1.0752745666301435,-0.06607059458997308
21.815607999173324,uC,-66.3554824991711,nC,9.370190636332095,-0.00014817969120773893
59.56349393960164,nC,-91.41665309380753,nC,4.701499335739272,-2.2139822265181275e-06
-6.560615874335051,nC,37.24504943116126,uC,8.205669843951656,-3.261568419488726e-05
29.526788165950443,nC,-70.13591347788545,nC,5.474575385268751,-6.21007994920727e-07
-15.908337095133904,uC,32.276289510654415,nC,3.1623067137669985,-0.0004614682364970193
-87.85466016265894,nC,-23.033789859612344,uC,5.66960839274343,0.0005658033107445505
-81.52002976161417,uC,75.98022371449984,uC,8.712754178494418,-0.7333231267751061
79.71363015170718,uC,-73.73415891395581,nC,2.57518570883128,-0.007965730644170064
-73.3023750764759,uC,-56.835534950318255,uC,7.078995389319371,0.7471987654835109
-82.59697732457255,nC,-7.837201494728244,uC,7.912015153519794,9.293779243032045e-05
38.28443852849673,nC,-24.27686476783641,nC,1.8154334018228608,-2.534519541557065e-06
-69.0055208320561,uC,87.08807574950899,nC,9.344545502352169,-0.0006185396905222282
38.591634516928345,uC,-53.599780449517,nC,8.006536273700611,-0.000290006838498561
15.242923849443129,nC,-22.68078414612282,nC,4.769351702294215,-1.3659948205599422e-07
82.29274157434772,nC,9.753313518764902,nC,9.462172586562762,8.05700051847789e-08
-96.47250062038404,nC,31.498800925033123,nC,7.1100182764956745,-5.402534257148006e-07
-34.01505630916003,uC,78.8056031735965,uC,9.837627640259475,-0.24893670528213313
9.60920011077794,nC,-65.78357915994732,nC,5.88992270549539,-1.6376721051359465e-07
10.406035239291148,nC,64.27008620601467,nC,4.1782919766644016,3.443007834111608e-07
30.016880486303965,uC,21.69120704727024,nC,6.656262199328431,0.00013207780409665415
-38.390446849948745,uC,-25.37322799511277,nC,4.18732548293667,0.000499306080516275
51.135516967917646,uC,-89.71897094615589,nC,8.681518804007645,-0.0005470876614671091
98.62831252999526,uC,-55.77757712140382,uC,4.5922267712313545,-2.34453112180253
27.705942098818785,uC,-69.02830330769144,uC,2.9225664856917897,-2.0123926737973314
78.49089843685664,nC,79.5384968161661,nC,4.276351618288987,3.0682537282405444e-06
31.742367058270275,nC,30.907489152160096,uC,5.84608266113643,0.0002579969295149682
-53.24475053208936,nC,-12.30385651773951,nC,5.216594396285551,2.163641583098612e-07
-46.18973904429655,uC,-79.01278399785356,nC,5.432552370092211,0.001111415465613693
38.841628166521225,uC,-16.885752013358392,nC,9.645535630468682,-6.335874118505948e-05
-90.69466386213648,uC,71.38804786062039,uC,1.774227019842828,-18.485460333010987
-60.26620502947131,nC,-69.40412906954481,nC,1.148226862725123,2.8513147039762215e-05
53.94095863743495,nC,15.530011527629275,nC,7.659760779253296,1.2832209215901727e-07
-82.24442228540875,nC,-40.48468650717261,uC,6.552632044014681,0.0006969587558356746
68.78497322578286,uC,-55.87753273050739,uC,9.4105433106622,-0.3900702284223899
-48.02504800100423,uC,-77.19599517753211,nC,8.226487176157462,0.0004923513509835192
-89.4484143954451,uC,9.519972427458915,nC,7.201774546934226,-0.0001475606976888354
-11.682565045062775,uC,27.332696635448432,uC,4.102552510058451,-0.1705115483507064
5.388107105513662,nC,-11.40726580143814,nC,2.447703489884061,-9.220226147538237e-08
-27.073532412862185,nC,-98.34528649106404,nC,5.349824334703372,8.361050298569957e-07
77.8478261902405,uC,-71.07846728904715,nC,8.29249004810021,-0.0007231960281278293
-94.15424086598192,nC,76.4519022797873,uC,6.912290058484467,-0.0013540218735011034
92.6808559602979,nC,-90.1761009786434,nC,7.220879870492887,-1.440597496421092e-06
92.32446766058048,uC,-19.28359230968972,nC,1.4852677632789204,-0.00725331684814198
-61.50112370434018,nC,8.765204680482416,uC,6.780378978443659,-0.0001053849470227892
-26.96082322220241,nC,92.39645443799216,nC,1.1267942153406938,-1.763358613556001e-05
-61.68057074512865,uC,96.57645238914884,nC,6.02194005973602,-0.0014763460999930992
71.56938988716969,uC,-33.07049463025766,uC,8.049613489850556,-0.32829128670579155
13.782187421618508,nC,36.33957429233526,nC,6.7012680298492375,1.00236389618209e-07
-64.83608999173927,uC,-91.93052023289276,nC,8.884790430937908,0.0006786151695361347
-51.78800066064194,uC,-82.46062083672655,nC,3.425907424391169,0.0032701366786787134
-6.884679860972815,nC,63.12762768217267,uC,9.50919136461964,-4.319738436458628e-05
-85.71640137594238,uC,53.539896659794096,uC,2.01573424532625,-10.15117503455684
-21.869450812064148,uC,-62.62369043064586,uC,8.38584526022127,0.17503473915635465
-16.981607783470814,uC,-94.02126182053355,nC,4.865305166934816,0.0006062142151352547
-83.72278129449202,uC,31.125357561387887,nC,1.0196137847223352,-0.022528278481508908
-20.83393006015296,uC,73.87768376543822,uC,6.377073107872113,-0.34015987805950687
12.40090387707372,uC,-79.65723718819342,uC,8.147952686735753,-0.13372819713002973
-11.668532255582194,uC,-17.275634463923673,nC,6.255812254642772,4.629394916499086e-05
-4.656075264507111,uC,62.72926811674998,nC,1.0009285756233617,-0.002620145701337982
-47.9278934202819,uC,88.28428336757185,uC,8.388168824730721,-0.5404789914997046
38.37721524643085,nC,-45.35638016309458,uC,3.09739995839604,-0.0016306421889556231
-19.244656368522264,uC,85.29135112259304,uC,3.083846075643417,-1.551212069636859
-11.88988581976522,nC,11.454934861934849,uC,5.878916849097946,-3.541743282442933e-05
10.199248710525628,uC,-43.74837560285426,uC,9.572610973672385,-0.04376336430476232
-52.96288412495506,nC,-67.89133853330662,nC,7.020603068296288,6.556598123718328e-07
-45.455614931362256,uC,43.04687301695904,nC,4.539000930700523,-0.0008535913570918822
52.76598444135047,uC,10.11124759259554,nC,6.125658190532596,0.00012778935462872082
-26.636635483454462,nC,49.619164693183066,uC,2.7826546078573124,-0.0015340927421503081
-70.40483334236694,uC,4.115623990439611,uC,9.445697322847446,-0.029188482790485023
-13.737093890531776,uC,53.312504056595365,uC,4.700381267817308,-0.2979196716018591
-93.65035083394022,uC,81.02603243914602,uC,4.7538276824562224,-3.01778654391407
-38.741126094683615,nC,20.086621750525737,nC,6.548374556913589,-1.6309983549514071e-07
16.485510688886826,uC,12.866485684475718,nC,7.462881525695776,3.422871994873457e-05
31.53601441768167,nC,24.845009410884057,uC,9.507615605234898,7.790119998471454e-05
-15.13152988137914,nC,87.4223325903723,uC,1.8075330594822367,-0.0036389336547546845
1.1685845373543156,nC,63.60949821864224,uC,4.328348639448357,3.565981133893174e-05
-24.87046100949648,uC,49.972223390841314,uC,1.6074436803949723,-4.3229716082613665
-5.7573562516837775,uC,59.722863512932165,uC,4.74511459641385,-0.13724980038332651
5.010399870854815,uC,-94.84342899748508,uC,4.765495046742052,-0.18806370848488646
56.50899342171014,nC,57.73056665775279,uC,9.201977254471442,0.00034626012939691797
-8.233378711017217,nC,-53.86420145149817,nC,6.404687933418956,9.716811471489176e-08
-34.03662641683631,nC,42.794985890575546,uC,5.686079794614921,-0.0004049066425925895
-16.71592172446998,nC,99.82439709046636,nC,8.005955443024261,-2.339818084549608e-07
-1.07859092298227,uC,84.38445832165483,uC,4.908434375283704,-0.0339527265894823
46.06760822673615,uC,78.98061275849571,nC,2.0829465558636,0.007537048601249108
-90.07404855720613,nC,3.357766057641338,nC,1.1630215984192318,-2.0096293463807525e-06
20.237856894133373,nC,20.3076921334434,nC,4.645497416122899,1.7115991093679708e-07
-56.17675922368805,nC,40.42955940430501,uC,3.7747522868105694,-0.0014325842837625133
43.527530591341446,nC,-55.02630631139356,nC,1.234946090684748,-1.4114964738605545e-05
11.659777384340416,uC,98.57549253981313,nC,2.287339476260585,0.0019744192190538287
-57.127824635317786,nC,54.05966555498348,uC,1.227314197468557,-0.018426842818881007
-92.804650949918,nC,36.25903877011566,uC,6.2989173847829925,-0.0007622468001635237
2.54381451993056,uC,-99.84558756545906,uC,1.4164120345336877,-1.137827717249957
-22.26462323037216,nC,86.9603392114594,uC,1.813647526791076,-0.005290201392823382
43.11279270207429,nC,-51.95848875335791,nC,6.097907017380969,-5.414302011257308e-07
29.365389625406948,nC,-61.62099454007603,nC,9.415223970284206,-1.8346134198654144e-07
-98.20320622949652,uC,-92.43951642675846,nC,3.1416149950193955,0.008266445673580439
-70.55396218670239,nC,-82.62045972271345,nC,6.27386526066653,1.3310061017077291e-06
88.29132087321422,nC,92.85763456699702,uC,8.500689555399116,0.00101969132463613
68.97621390701742,uC,28.38165916158272,uC,5.966259118456227,0.49428145501518517
-62.17588196645845,nC,3.905237371676742,nC,3.5104185378496595,-1.7708957619417476e-07
82.64571174110853,nC,-86.32469997978065,nC,5.336727368180227,-2.251369477009388e-06
-48.64463468569127,nC,-88.46990478060356,uC,8.252203308329896,0.0005679787322525291
13.629128213720028,uC,18.49126632591575,uC,2.422694013127957,0.38590375522117476
-96.82729387367088,uC,87.57756661987949,uC,9.252677247145606,-0.8902197964757481
-32.07105969625938,uC,68.47611628157026,nC,5.232731459485719,-0.0007208367863981563
-93.42361343621695,nC,3.0754482725250227,uC,4.877703460298381,-0.00010853647335550439
93.623815486713,nC,-54.854003204131935,uC,7.844289109318037,-0.0007501167899747872
-50.16539579868205,nC,1.1568832251436336,nC,6.402340344452664,-1.2724996119024279e-08
-77.8339791571066,nC,-38.24117255129944,uC,2.8650176832792376,0.003259021505711894
-2.8557427870306835,uC,12.875467270712608,nC,1.320026889558254,-0.0001896522230302388
-3.479982302340457,uC,-45.322546764386,nC,2.366642841714635,0.000253085522907445
22.79190668582858,nC,15.408307430216675,nC,6.698442605780617,7.034436573468524e-08
5.085763228599722,nC,-67.77897723170355,nC,7.276000733449507,-5.8520373098723186e-08
84.58013710448247,nC,47.194480012773774,nC,8.07154225731669,5.506655996344547e-07
-81.1800852857901,uC,94.3636902058926,uC,1.7676914803085042,-22.033469461387615
-1.3291836321760973,uC,-88.2056334833201,uC,3.760091328110502,0.07452910861847575
-99.17009341421932,nC,56.09736282526905,uC,8.515849063212436,-0.0006894593459929603
-86.97898653509405,nC,-4.557770159067448,nC,4.325181318666425,1.9045813736733902e-07
12.25734140308098,uC,-70.79856354280167,nC,3.288689397755796,-0.0007211347412161703
98.16009298820164,nC,55.04546717349031,nC,8.956676949683754,6.053466014616451e-07
65.44594109279949,uC,-3.5620273835808134,nC,2.3500342114324644,-0.00037937875556086315
1.8073329686069235,uC,-3.809535900441755,uC,9.357105899067696,-0.0007067544609059988
-78.03343410846249,uC,-32.58973949254169,uC,9.923702418271768,0.23208953030539403
30.13371751933552,nC,22.667834102569696,nC,8.565665420696597,8.367234316396756e-08
-38.7071818175804,uC,72.4732513272839,nC,2.958158751691077,-0.0028811624752478194
-9.699629917413306,uC,25.22383798801892,uC,2.554609139976853,-0.3369448442430558
66.17356551556426,nC,60.55824848658974,uC,2.8619005141314977,0.004397341373975967
46.49459331818253,nC,-9.344975049428214,nC,4.302975140030377,-2.1090376446296067e-07
66.29191598440636,uC,30.06124556921383,uC,1.4365200156114732,8.679317697907583
2.047161365368291,nC,50.20928098709801,uC,6.108149745112728,2.476042723576605e-05
66.66398206671397,uC,-94.37312541437964,uC,3.5951428002552355,-4.374704324056885
84.91147913317454,uC,12.731490398444004,nC,2.5997963820362795,0.0014375017732700445
-37.59025261293187,uC,-2.211400832902765,uC,7.197567027428742,0.014421574682125897
83.68989091876732,uC,15.982911666113443,uC,4.94843093949078,0.4909477566471755
94.68248926073504,nC,-52.5112976471245,uC,9.67740492939495,-0.0004771401875683405
58.76323562218049,nC,22.98217435025032,nC,6.663359623332544,2.733705435169299e-07
-41.618724451132174,uC,96.90426807781348,nC,9.70719574937443,-0.00038466750671248566
15.852165741940931,nC,41.34003555262373,nC,2.4105748015538486,1.0135837318290404e-06
-50.11626084167157,nC,-58.65307049255444,uC,9.739466909793924,0.00027850977770321706
-10.883479425957129,nC,-48.810433413475806,uC,4.297265630757198,0.0002585457664405705
74.54831351647056,nC,62.37796070075189,nC,3.972702308110136,2.648124236414191e-06
-4.657216411706939,nC,91.95340269421077,uC,3.199214789025361,-0.00037605280509215704
-67.93631341836615,uC,-5.349691353247588,uC,9.33869093821741,0.03745416359132313
91.06815331754429,uC,-42.124181907561365,nC,7.083382028662462,-0.000687160338769776
77.56974472010107,uC,-23.665141905301365,uC,6.121465865276957,-0.44028310145252186
-32.67595059204721,uC,63.71950266135067,nC,5.339188466689805,-0.0006564346720307304
54.61355634783338,uC,83.22210429415422,uC,5.306913753490682,1.4504290773833266
17.18855298665031,nC,-49.02204677428197,uC,1.708407600394962,-0.0025947120795104337
-35.91621955329036,nC,-56.81605861112859,nC,1.309155295610453,1.0700912013176845e-05
8.020093365246066,uC,19.70624381628649,uC,5.789448504132842,0.04237895967330137
81.1884793287714,nC,9.509193062570596,nC,6.732757760917615,1.5307120450803017e-07
-75.86719262009045,uC,24.02311722461172,nC,3.2061282337998005,-0.0015935401241591444
86.03558691248172,uC,-9.835535612685256,nC,1.233250161325764,-0.005000520190114024
78.42462874496216,uC,-18.515562687091013,nC,5.384239751898008,-0.0004501756622320298
-71.72126653140644,uC,-78.59134508274357,nC,8.209744261468982,0.0007516312366978156
94.81311956952868,nC,-23.19336462048257,uC,4.636989591269359,-0.0009191816709729256
-80.40351363657798,nC,-8.501644860482186,nC,5.71288906769547,1.8823822155500532e-07
75.45010840692841,uC,-16.69467723944404,uC,9.85942597087093,-0.11645980014005923
36.55606882104444,uC,-13.524657750681444,uC,4.738147980869162,-0.1979292301253934
37.79795710382008,uC,48.02241648414468,nC,4.268347809828582,0.0008954351568128681
-93.73696630721048,nC,-2.3880183349554622,uC,7.258698598262628,3.8183209444885335e-05
86.7166501227478,uC,-83.1101722743363,nC,7.079387675488334,-0.0012924289883089774
5.7862784481627925,nC,51.48325036900852,uC,1.3065218550360056,0.0015684595954140025
-83.64633045323744,nC,37.810409652867776,uC,1.7248437964940455,-0.009554327855863316
93.75446288055444,uC,-52.74895366441663,nC,4.938965878520658,-0.0018221123592748942
-67.34472412270871,nC,-29.86322639865364,uC,7.709138259576068,0.00030413754907778124
-35.687542805671754,nC,77.63486948699385,nC,7.688550062981175,-4.2123649137645713e-07
82.17176033615047,uC,-4.7957874957874544,nC,9.795659741737923,-3.691106239205643e-05
-69.80984942191533,nC,-65.35247522358529,uC,2.745362627342455,0.005440273251698771
14.099722173737556,nC,29.715378498679232,nC,7.875015727250012,6.071980500244694e-08
-16.07796297833379,nC,-64.78069812337161,nC,6.647066531531344,2.1186440754477376e-07
-11.170843819665665,nC,17.459663446139725,nC,4.211337506182952,-9.883781995067724e-08
84.00070861557691,uC,-4.872984425099414,uC,7.752963427533519,-0.06120457808848084
6.761397986569966,uC,-15.867428613997973,nC,5.898071190792758,-2.7718162636393198e-05
-94.65929601877804,nC,28.90096210302862,uC,2.5362550266487927,-0.0038223560191050377
-3.393218934553466,nC,75.48892983507591,uC,2.1210551292880284,-0.000511720297023136
-50.70893508020664,nC,-87.77872573308449,nC,3.9842540937878,2.5201193744208187e-06
54.58339135520097,uC,32.1650182075551,nC,9.856957884554696,0.00016240519651252494
62.52677888025121,nC,63.09262491827105,nC,4.845165422065105,1.5103195365702263e-06
-62.72299775426105,nC,76.36510732056895,nC,7.841498577739347,-7.001080045902896e-07
89.3385306102131,uC,-52.18451624358824,nC,4.414884697951461,-0.002149726161116103
27.936885746006563,nC,-52.70210824427937,uC,1.695812651209219,-0.0046014175505629225
-99.8250183742418,uC,-99.74131377891268,nC,4.134080554602233,0.0052359804901712
22.619652037302195,nC,-46.24158159149036,uC,5.070442089696757,-0.0003656523355628765
-84.66991883315183,nC,61.186840784533885,nC,9.54541901678082,-5.110208085964933e-07
-46.2774111495558,uC,43.65084429516298,nC,9.155662485228586,-0.00021658259907825184
-23.921100553989568,nC,-52.18082080253817,nC,2.72102685700182,1.5151925010881542e-06
81.15478117281289,uC,23.908041468067285,nC,4.754670655132482,0.0007713627066876874
54.96454469156563,uC,54.68727846270136,uC,6.9975173629485,0.5517246430938243
83.5262309338934,uC,-77.742119969452,uC,6.969399603887337,-1.2015170482237825
-59.79427226311587,uC,-60.87322408185815,uC,3.0870941856363574,3.4326342812111945
31.64906466601102,nC,69.77408681394549,nC,9.200360676175691,2.3446970711328367e-07
-8.087326289757877,uC,50.285759725300096,nC,7.264407646700616,-6.926135340176667e-05
-50.738342607080206,uC,71.75902334579092,nC,8.068409179500275,-0.0005026646823374581
-52.894740385191255,nC,30.289773378561964,nC,6.524443546463973,-3.382695959336265e-07
-5.696369117486157,nC,8.410780333958728,nC,5.439963611723417,-1.4550698118887042e-08
31.45103064597333,nC,-16.843918954251805,uC,1.9206080800695784,-0.0012907493878281402
38.91565260664642,nC,40.84153826659761,uC,5.315630608403211,0.000505543147535366
30.857267680049805,uC,-5.996067871298189,uC,4.616270788174148,-0.0780338188933252
1.4713815506565575,uC,-98.63416173107512,nC,6.302062970556489,-3.284192413684709e-05
62.046095206656965,nC,53.461029904642096,nC,5.914180735325211,8.523225866466667e-07
-56.65539645055135,uC,1.6018939000467658,nC,6.719538990190746,-1.8064979790256122e-05
34.12803626993264,uC,-87.20948287820521,nC,7.439689033857944,-0.000483288933564326
-36.28976637531009,nC,93.87961632639384,nC,6.929938689599011,-6.375850125875763e-07
31.10225207893859,uC,-35.54597557440691,nC,4.462058022538095,-0.0004990605655979808
40.972262714339,uC,-46.317820191966845,nC,2.810373519312892,-0.0021594908982945286
-37.0926510161203,nC,36.27247999123874,nC,7.842318335484349,-1.9661542890149702e-07
79.12346728475555,nC,39.920630940253446,uC,4.955395290260773,0.0011560789819264924
2.1735514556429214,nC,31.497924081210456,nC,9.90196675249032,6.275528935124593e-09
-42.41659471594363,uC,51.56098088058005,uC,3.603479799252766,-1.5137501276069418
81.0909817944806,nC,-27.96039411423179,uC,7.216145535534765,-0.00039133319294712134
14.836466994797604,nC,-61.52044356636938,nC,9.40072906804181,-9.282571139784056e-08
-84.0928669290341,uC,18.72887466656614,uC,7.930599453893224,-0.22506098578791037
57.35955762775584,uC,-6.852729264819288,uC,2.9495561100419225,-0.4060667682157586
93.10655149753724,nC,73.70990343026958,nC,5.5659689875199465,1.990975543614838e-06
-3.708139004168812,uC,90.77752587260562,uC,1.1639656804459686,-2.233034347480866
83.46551168000313,uC,89.83709706561685,uC,5.25325830321868,2.442005653014168
-24.6115836791811,nC,17.432970569946516,nC,1.1827703977970705,-2.7564585749281504e-06
19.688434934404302,nC,45.51431451635889,uC,7.800931604652679,0.00013234503913460899
81.48132047422047,nC,5.91654990008038,nC,8.421405856364924,6.109403372341346e-08
95.77100667917864,nC,43.82179706581126,nC,6.153007865010119,9.963013102271192e-07
-7.000474396130614,nC,-51.1468166900918,nC,9.779175944817927,3.364983714752475e-08
-18.77809557652336,nC,-16.45026715570577,nC,8.443340910795447,3.8943704125094206e-08
-35.836580129929374,nC,36.88625364546503,nC,8.495226761107912,-1.6461998625002555e-07
-71.38266760253401,nC,29.950013501151787,uC,2.1005242619523936,-0.004354876044391223
42.26894377708667,nC,29.51756897171917,nC,1.5912864477339317,4.428398146597375e-06
-78.79382798008118,uC,33.50500721027068,nC,9.806742498849143,-0.00024671399053385033
-87.07424943015171,nC,9.153702892244777,nC,8.057594109054534,-1.1033598708992754e-07
-89.01899845190182,nC,-82.20288913120116,uC,3.3898131816768715,0.0057234733265900915
-69.27251236736838,uC,46.5547445256205,uC,5.5308433354295214,-0.947509512483769
-18.23922770332888,nC,85.25455447704282,nC,4.40253186836429,-7.210417694188324e-07
93.11978125982311,nC,-20.50365022950408,uC,6.966319210740767,-0.0003535963686179099
5.051997417927525,uC,66.337963744546,nC,9.335468008724394,3.456165037787772e-05
34.884527466385435,nC,87.48126806606852,uC,2.471269174840357,0.00449106371157971
88.45164111597032,nC,-94.07883742105368,nC,6.461718369203242,-1.7911963353606425e-06
-52.06535485210469,nC,-73.4339758264692,uC,9.418723142162952,0.0003873496951153793
-66.48949983111595,uC,18.482397859560656,uC,6.717035909818036,-0.2447921274456874
-88.10788639030743,uC,-28.259500986308947,uC,4.120535880509108,1.3179935274888726
-9.394210776863176,uC,64.59054576968325,uC,9.118551320776936,-0.06558718131800606
-63.95228357614504,uC,-47.62419023870963,nC,8.789138940291117,0.0003543499756581413
-72.10628751163047,nC,-84.61585195290195,uC,6.838208575116648,0.0011726855856818044
-15.86941844196892,nC,6.5628512973847375,uC,4.897472071542596,-3.9025730911726976e-05
-58.73038922742706,nC,-18.370629215499,uC,5.123058820375724,0.0003694618770332707
88.68240799607524,nC,18.54694490419989,uC,4.082636702966131,0.00088689007295806
-62.94313253408063,uC,-85.4486680796457,nC,4.8571127037148,0.002048984602642045
52.62640761712394,nC,-97.25613670630024,uC,1.178480465613516,-0.03312206226751056
-81.9995913876085,uC,95.45423354326115,nC,2.713819696939219,-0.009551823933839384
89.98238359513024,uC,-63.9249630942366,uC,2.547326996723994,-7.967094871015537
-73.43720760253149,uC,-12.63844826861746,nC,3.0972477717954168,0.0008695597272347763
-41.29844717646453,nC,-87.63431850104018,nC,5.230552017868031,1.1889245400023836e-06
-74.5014296840545,uC,93.65566434643254,uC,8.758208620220753,-0.8175409026505964
65.44539129524578,uC,97.63826952617904,uC,6.342292310409319,1.427736425391069
7.020857824147833,nC,-40.49056350189526,uC,9.445488982942912,-2.8637593079029535e-05
-80.2774555125479,uC,-63.62865128996903,uC,3.97835316428754,2.900554669953242
44.98398657855508,nC,-51.53440297722905,nC,1.2795470112076943,-1.2725770967003433e-05
54.1636062768649,uC,-41.10104275652411,nC,7.402805242496701,-0.0003650977623316066
-76.56280158386656,uC,10.043960592512295,uC,5.822536231338702,-0.2038636631488479
11.275146692310626,nC,-56.12600276701465,nC,3.7503367087191934,-4.0437770077982437e-07
94.10260928179636,nC,44.84789322735405,uC,4.8559399921456965,0.0016085645589302077
37.307196034673474,nC,-22.705826915983504,uC,8.217896177256371,-0.00011273273353009287
-98.0679157668143,uC,48.03390941606881,nC,5.138361394127699,-0.001603492725716112
-89.7709508124833,nC,93.51195716959184,uC,8.872603705369324,-0.0009583898585253044
4.802802504703749,nC,-32.780007707703675,nC,5.20279372149744,-5.2272343485908676e-08
-9.501367222114087,nC,18.4824657147456,nC,5.03264170571659,-6.23154010455689e-08
8.198371616902149,uC,82.19171542956022,uC,8.893916690733853,0.07656158871404437
-36.76161807118788,nC,-94.06112723088704,uC,9.097215546482484,0.00037551668129663077
38.13562930201272,nC,-20.30356145601928,nC,3.928430278586175,-4.509272161601348e-07
64.96233764543764,nC,11.178536181577144,uC,3.874505917888941,0.00043476575635214936
59.48308832795588,nC,12.28739830660615,nC,5.668667752942891,2.0442445326199638e-07
-78.63181601218805,nC,-64.89067388778497,nC,1.7087886636032907,1.5705265692422212e-05
-48.10676649853721,nC,-67.34346935940869,nC,5.05253213447131,1.1405777374646939e-06
-8.306850961538247,uC,14.565553693153094,uC,3.4234549385398534,-0.092784534140662
30.931945735552564,nC,-57.89850623345037,nC,6.113782744772792,-4.3062178927499317e-07
59.4462259067937,uC,4.540222946932087,uC,2.7254404094604325,0.32656489059796723
-92.46154748223196,uC,94.11631318796464,nC,9.879921675133785,-0.0008012360232509909
68.2786295235205,uC,62.25561347724031,uC,4.431563855007474,1.9453184045394007
-80.84054503829218,nC,-79.45455803415928,nC,8.99908975171142,7.128403730038731e-07
8.121594903440812,uC,-25.41659879325533,nC,9.31382507302912,-2.1386711411631547e-05
-21.56403770536629,nC,83.9767098415136,uC,4.809262795232139,-0.0007036769505404915
-50.302877419545965,nC,-74.22491762127066,nC,9.890281898044476,3.4305726274910956e-07
51.08176390337697,uC,-78.42153646789336,nC,5.647010335975719,-0.0011290299773011193
-8.454544142122401,uC,29.973183320228657,nC,6.656917804526703,-5.1394670113764286e-05
27.61862505068936,nC,-52.64952051723598,uC,9.256803328513955,-0.00015251614065219752
94.1014740795814,nC,-12.708704476613477,uC,9.01515055195196,-0.00013224922815073686
-16.349028421978545,nC,95.51488322393874,nC,8.042903920158095,-2.1695948565155774e-07
11.513884826488397,nC,58.87810352190458,uC,5.54390175363865,0.00019823760820735943
33.16094379052517,nC,12.385241069889654,nC,7.963787233757148,5.8201403236856557e-08
77.71261700551067,nC,-91.90714740123548,uC,8.923010641207853,-0.0008062308371997569
-2.50064066636987,uC,16.21671254223032,nC,4.285611352276744,-1.9844033273032883e-05
-14.2262194933678,nC,-4.23455357178374,nC,8.276155206358819,7.904625326631022e-09
-72.97856117512409,uC,-37.03463431354421,nC,5.884023408997249,0.0007016103382956057
-33.023456835948856,uC,-81.48203763938766,nC,8.682049362946128,0.0003208346886162406
-65.94405402523643,nC,23.776017410875127,uC,8.72859186599035,-0.00018495572751511195
51.26807788598981,nC,-48.60163876580895,nC,1.6226744572699645,-8.505043806382223e-06
25.42232717252694,nC,45.32789411708512,uC,9.04782325073607,0.00012651267431247214
-59.25506545217382,uC,96.12189272658058,nC,7.2418332554012625,-0.0009760951623691023
-98.05635107720336,nC,-4.145913738324612,uC,1.883682651777048,0.0010297265718071347
-4.256265971513326,nC,-19.823275771420185,nC,4.689968455329721,3.4475116655426173e-08
44.1234947154551,uC,-76.50521762005286,nC,8.518971978915573,-0.00041804976538361205
36.30853154627847,nC,36.88115949434789,nC,8.439827012465024,1.6896142620621627e-07
93.06671182711078,nC,45.38898729128459,uC,3.577825828110408,0.002965841100118988
-4.151391653240744,uC,-22.161223464793427,nC,7.162909722787775,1.6115726624293494e-05
80.45338829039248,nC,-45.57880945632073,uC,3.275828472091664,-0.0030711880947667165
74.12058776959847,uC,11.208443891593353,uC,6.413746900070262,0.1815105811469026
5.511826954405583,uC,-62.2762397520321,nC,4.878221003738416,-0.0001296392228127966
-56.320162001234536,nC,35.80216373273238,nC,5.404404951273575,-6.204671732545617e-07
87.21015699766934,nC,43.68901892473676,nC,5.21284737210056,1.2601746764836906e-06
-56.24134343733101,nC,23.13852400905168,nC,2.064523787542493,-2.744055948632201e-06
-91.4856758688313,nC,-31.118082185534547,nC,1.0220317000744823,2.4495065078823845e-05
-36.09868630041908,uC,-64.10611678120848,nC,2.8702284410736443,0.0025246393484855325
-48.25381659650523,nC,68.73208690115892,nC,9.249610358590084,-3.4840608304988877e-07
-32.593561284830024,nC,13.4079936303754,uC,7.923116125755652,-6.256694849384004e-05
49.84620915245173,nC,-65.5252718575579,nC,9.712214945397571,-3.1120445266614275e-07
87.46247547002216,uC,35.87174868429893,uC,2.252400262022329,5.55807728201215
-26.93240284235884,nC,-2.517045506993057,nC,2.325169131813361,1.1269339894223401e-07
63.68828035794411,nC,15.788291244767416,nC,8.898229445077156,1.1413763195351565e-07
-57.58191136438763,uC,-27.326977894216583,nC,8.862168730629985,0.00018006904416248865
-54.65377404882731,uC,-63.196735932161694,nC,4.912605943367828,0.001286270627046142
-50.22083769864105,nC,95.31482452728056,uC,9.355125785119665,-0.0004915713338698346
54.56422449810712,uC,81.52685043207057,nC,1.54515151416329,0.01674587767448918
-51.53541215720673,uC,73.90316394696171,nC,2.667640928740639,-0.004810114866628508
57.86075291513645,nC,-60.90286646407663,uC,7.016862319580033,-0.0006432463196753762
-49.42146893349016,uC,31.060107906545376,nC,5.154680306909206,-0.0005192261355851414
10.804046789016786,nC,78.22522800572857,nC,7.923646882885817,1.2098303473313305e-07
35.806987159793394,uC,23.421947658448744,nC,6.204572003766474,0.0001957981278587387
-15.139738111196882,uC,93.04841281200147,uC,3.4273077292098417,-1.0778604523960018
-5.507188258419687,uC,-89.94171520398521,uC,9.62689890889632,0.04803520754327516
34.65757270216584,uC,18.82789694562122,uC,3.1536087900915817,0.5896926662322434
67.44078126466842,nC,-89.20512583768999,nC,8.739356993893745,-7.079373871088409e-07
-75.4739446339622,nC,53.76835110617779,nC,2.5245563642690025,-5.722621610934684e-06
46.38176414378165,uC,-99.79314775294206,nC,9.31738226188842,-0.0004791831783759457
-12.523549177449116,nC,-84.76802857333418,uC,6.4040724274820855,0.0002326421724232782
42.50524035059666,uC,69.87726367269934,uC,5.318372776006696,0.9437614270513635
-83.36985050678527,nC,43.04488841538853,uC,1.916478767398755,-0.008781404669630545
-15.042716897016058,uC,-78.87495051372467,nC,3.9898076304120167,0.0006698890438854516
8.682610742363988,uC,-10.672444084840638,nC,2.521558358583824,-0.00013098379759755657
79.9511597351791,nC,-12.124125013909383,nC,9.310206425838295,-1.005073816470516e-07
-50.83116896205013,uC,84.6593614183099,nC,7.867610350008251,-0.0006248284641756316
-24.18384562789163,uC,87.94242999864669,uC,7.80651339956525,-0.31365413027275696
-19.28603448150329,uC,32.49609859008321,nC,3.0966181094800267,-0.0005874085588191585
-97.11191486341636,nC,-28.95783171372542,uC,8.267263531554747,0.0003697910539267363
34.181944313350286,nC,-85.05853039246755,uC,4.365166348671519,-0.0013713693734214698
72.06491176647111,nC,-36.146022627007774,uC,4.25410994266834,-0.0012936248879158794
72.21938955919704,uC,4.369685019298489,nC,8.812098188126551,3.652470331188939e-05
-94.7299639432958,uC,18.963450769883725,uC,5.214157046064818,-0.5938516006712544
-94.13428024777548,uC,-72.84193376237072,uC,6.6295522934529405,1.4021751878295576
50.78867262181936,uC,38.69449347246959,uC,4.448635468304444,0.8924908953465195
-49.95966005414361,uC,66.73843190791685,uC,5.900086925854347,-0.8608352820863394
71.41770170365604,nC,-70.4898636403486,nC,3.70511044620845,-3.2958818107895274e-06
71.2372151895723,uC,-70.15130795744409,nC,8.981846292402945,-0.0005567405770265626
48.5687075673133,uC,82.67203387855226,uC,6.411603857270179,0.8778558591559896
28.43414796452195,nC,-16.32653716677901,uC,6.26565146912966,-0.00010627796741216794
-45.03772036727862,nC,55.95170601780348,uC,4.456512988535799,-0.0011403568773352742
12.213010082897302,uC,-77.9755852073534,nC,9.05478949349365,-0.00010439171875126201
98.60259217466418,nC,-26.72634161581444,nC,8.222678340056728,-3.503020271175898e-07
-91.165348318774,nC,-55.3387362756568,uC,6.363779829207685,0.0011196187104774511
57.25855052598923,uC,-95.10707275173672,nC,9.814270282908751,-0.0005081343362379818
89.86887820927892,uC,-32.32394772100936,nC,6.636057408823183,-0.0005928636909969236
69.05632551445214,uC,-51.27642237403882,nC,3.597226621007036,-0.002459387666276269
67.93676405901316,uC,17.439053685039916,nC,7.513830725984381,0.00018860203036669574
60.88914299377676,nC,-33.59980856766582,nC,2.280357568515321,-3.5359992802996612e-06
73.92931954016464,uC,-40.40887053263677,uC,3.2850316674489743,-2.4880305328916825
-96.10589097564797,uC,63.735821064917694,nC,6.410011366212872,-0.0013398537653811712
-59.87756823987643,uC,-14.149153763032508,uC,6.999529846093786,0.1554169161527441
65.79703497860909,uC,-47.993376805795705,nC,5.3595234541522725,-0.000988044911268419
50.35137205947012,uC,76.5799326513521,uC,3.336202814614204,3.1135999152287526
-5.600960459583983,nC,-56.82241406383248,uC,7.127291393907356,5.630857845142233e-05
-61.125489310048245,uC,25.656740021709968,nC,5.445663795731867,-0.00047529536326509377
37.06568534386624,nC,85.57018382463677,uC,5.6576800095776125,0.0008905517147601845
60.15197384154245,uC,-74.33885916783609,uC,4.352811636706901,-2.1211307166806406
-60.1102344144172,nC,-8.351924975080479,uC,7.093325159426652,8.9676092285067e-05
65.56743318431303,uC,-49.64758262087973,nC,7.548818771878448,-0.0005134163528674129
78.7128785678027,nC,66.83129001778062,uC,4.616961324681407,0.0022179644056005135
79.86588130692205,nC,99.02781144261544,nC,6.990813313112892,1.4544689899760107e-06
-66.73481195045228,uC,-83.09629691829531,uC,2.344303507004323,9.068758629809992
67.57903508357573,nC,-17.802225712883228,uC,9.320779572607965,-0.00012445811550495112
-13.737399637157406,nC,-95.48940210459216,uC,3.739566956116184,0.0008430600027482483
-4.839675644828382,nC,64.12171332399663,uC,5.892729216997688,-8.03211301902771e-05
-44.3428989152922,nC,-89.8581977620489,nC,4.190793931902567,2.039062693576871e-06
-83.61649910692722,nC,43.35791218854258,uC,3.362687582197052,-0.0028815669056195623
-54.68460474820234,nC,-61.47509684367105,nC,3.097962643922293,3.1481350300966776e-06
-13.450998744582304,nC,-61.72768395525592,uC,4.136526673335316,0.00043611825169251426
-80.70573118468782,nC,-2.9562368420411405,nC,9.601095686315295,2.3261805051717765e-08
-93.16758689490744,nC,89.16012970412017,nC,8.450239981340715,-1.045535682449305e-06
-62.42595600609967,uC,31.32634788815211,uC,9.394959130470175,-0.19912536471678075
56.08877179465161,nC,69.30768753175609,uC,6.195283136663029,0.0009102829880150849
85.7146039305195,uC,-89.37547408463969,nC,6.753661403709425,-0.0015095100905953705
91.0901283307396,nC,90.4392044305541,uC,4.695097359497592,0.003358769868833382
-43.03191792827956,uC,69.18967003275843,uC,8.274384944804442,-0.39084262868987857
13.86562978743896,uC,70.6163731285158,uC,5.39699988031072,0.302121476114197
-96.13730715936518,uC,-73.36374118795173,nC,2.574487991797753,0.009563857320915798
93.37055522643148,uC,30.200160112454054,uC,9.553106613082813,0.27769709964278594
-7.247470427853264,nC,36.89491560935055,uC,7.775095407800244,-3.9754191505669435e-05
92.55662307456186,nC,-34.77793074283768,nC,7.599109017912887,-5.009879675842526e-07
56.66042800496847,nC,-36.13133719496793,nC,2.4364717188752274,-3.099435066448812e-06
-33.20633746524477,uC,-16.75461329599878,nC,8.518796573413944,6.890334357132157e-05
26.50161848257997,nC,34.21090814912966,nC,4.985240063273825,3.2787345232583236e-07
-19.457019954335856,uC,-82.42074518022365,uC,5.258196852879074,0.5212914301312787
38.17596852766732,nC,90.36197162121545,uC,1.2525916901846823,0.019760508487950502
3.554332058879781,uC,94.24485804737252,nC,9.6954604218104,3.202729011417737e-05
-20.005151451828187,uC,-30.91677116997811,uC,1.482530968351378,2.5291223132973575
45.264461351059474,nC,-50.83662997718614,uC,4.048912506814023,-0.0012615333361414697
-70.57132691004063,nC,-21.31353196393246,uC,5.398194391823816,0.00046390395452626315
42.18083014899787,nC,31.500551387856763,nC,7.005802269592859,2.433094254365021e-07
60.041015576429785,uC,31.70451236937913,uC,9.10261359378154,0.20648014617651406
-33.56269277459309,uC,-49.33862441733586,uC,8.36700311221078,0.21259124708194704
-95.5489828170998,uC,81.14026175904264,nC,7.239875989198039,-0.0013293569914368752
14.689892205901389,nC,34.35658000741298,uC,3.758731045464643,0.0003210609148266918
-85.98726813486095,uC,-13.015948167492576,uC,4.048917924214443,0.6135831454364165
38.043302960829934,nC,-26.971824351328344,uC,5.020469348355332,-0.00036588221944416335
52.62886068881796,nC,5.887974912415082,uC,9.910132192024006,2.8357793145864477e-05
57.425716196572864,uC,-56.00002011831672,uC,5.749692026764323,-0.8742725511455385
-97.10621424303734,uC,-17.1554544253339,uC,2.978429679658096,1.6877804570709665
37.89780527411785,uC,81.57285352790603,nC,9.898263392955323,0.00028358490398208854
-42.71277978205688,uC,-23.42787757161816,uC,6.902412688297691,0.18876885649202826
5.514907245133374,nC,-43.88660854378175,uC,9.315939560423304,-2.506445783358432e-05
-94.19696127795972,nC,-58.12013874841891,uC,7.291830230487045,0.0009254050047937972
77.94322155258536,nC,-11.729395441472631,uC,2.879820511489299,-0.0009907510587952206
91.4999746865842,nC,-4.635023107148449,uC,7.523807237666376,-6.733470520348876e-05
28.82416513275988,nC,-58.7845451485262,nC,6.220316725292401,-3.9358297870114154e-07
-66.53829473964014,uC,32.922004560763895,uC,4.366333889422675,-1.0326792670482738
-18.129131054718496,uC,-82.91639080907352,nC,2.9465705735733803,0.0015560555239309706
39.568343921591584,nC,27.07825757074992,nC,6.095355815922316,2.5918619718901525e-07
84.85104787509684,uC,-52.84575872042374,nC,9.41324216140005,-0.000454810299522851
-35.01437738095153,uC,-43.97512321914657,uC,5.635185328244125,0.43579121604894305
16.345101966198996,uC,66.0017783005504,uC,5.992423475804829,0.2700098974031032
-58.274942391875136,uC,61.99030546355952,nC,9.279170357500956,-0.0003770758678136726
55.11688325017803,uC,83.31376443970352,uC,1.4620906203816195,19.306085854265717
60.665488830479255,uC,-78.20599562291197,uC,2.643801941222876,-6.100498470016021
80.9592340427269,uC,-6.160655568943026,uC,2.614528672918402,-0.6557645079863584
-17.110560161692415,nC,-80.1184340605703,nC,4.937147331322697,5.054589737451409e-07
30.428845365503587,uC,-16.228107339045927,uC,9.418532528465391,-0.050029742416345745
62.07171612297047,uC,-77.14656921494011,nC,6.882935933309649,-0.0009084568873391068
47.38054653621781,nC,5.658734421284313,nC,5.555258358078505,7.808223951982182e-08
-37.39237484499848,uC,15.21796101699014,uC,9.80102686387492,-0.053239965200949625
-75.51765115516608,uC,38.43709281004087,uC,9.20320055926664,-0.30800845561235696
-70.48244235422482,uC,68.67619466199744,nC,3.898810549393952,-0.00286196493768778
-97.49209351706573,nC,67.2747978668623,nC,7.4633490125239375,-1.0582680913668045e-06
-22.55158698574185,uC,44.77058082370373,uC,6.886128693122964,-0.19136432339666476
37.30351095997422,uC,21.98943779783054,nC,8.697372854197159,9.746059622063554e-05
65.48971446304428,uC,29.1877124361933,uC,4.953423296384996,0.7001702876406644
-62.47815888850277,nC,13.89583985543716,nC,8.412109218228553,-1.1026676268082478e-07
11.3535822882837,nC,29.22671345241681,nC,6.638262059727639,6.767768792332974e-08
-64.98621270240541,uC,-87.20898196724319,uC,8.029520675521404,0.7900318663187018
-92.59853653355778,nC,-55.43840418627837,uC,7.624229450718962,0.0007937145355206463
40.364820048298256,nC,-18.13640825385803,uC,8.262365964426653,-9.637998526443615e-05
78.46211044373666,uC,-54.51255639106647,uC,4.162639208827988,-2.218504935469322
98.5513158771821,uC,-12.724025719842464,uC,6.526020125816429,-0.2646254163082516
68.94550836865567,nC,-10.197669797153676,nC,9.827079200607493,-6.54333894216335e-08
3.869760401477492,uC,-55.181739496429365,uC,3.670502423769008,-0.14245242233597527
55.83157682099671,nC,-34.094291698396,uC,5.176654263126286,-0.0006384173061715793
72.57720984287728,nC,92.51947226604078,nC,4.066322290971931,3.6498181512029915e-06
-91.77852961550742,nC,27.84999685596266,nC,1.2694395404262675,-1.4255537898719496e-05
-75.88621135063757,uC,41.43686294452851,uC,1.4957198141020442,-12.632539133355047
-93.79970906937312,nC,-59.99816903870291,uC,3.021425917536308,0.005540602507593237
-52.4966096818454,uC,-34.30755419737305,nC,1.1590541410042654,0.012049110165899107
-56.39819835296287,nC,97.4412972842204,nC,3.7138423585337415,-3.5809871568221747e-06
-70.6967160097017,nC,-58.27895702457453,nC,1.1952748141366516,2.5918918764589573e-05
-78.98895741488013,uC,-39.05272167027145,uC,1.4191344348358823,13.766134786014865
88.87584055788938,nC,91.76071424212306,uC,1.6563857385173688,0.026715231842376425
30.63068871629124,nC,72.97801302794858,uC,8.812753416376014,0.0002586824499101145
-19.450315006675524,nC,68.8561885592404,uC,7.763044695588128,-0.0001997316323727693
8.81139164266045,uC,-52.40940412215965,nC,5.170253581372198,-0.00015526424102624221
64.54159672827227,nC,-61.46686391120952,nC,6.366338124789992,-8.797165562074447e-07
81.80185235929895,uC,1.6571124176247176,uC,2.3005933881363347,0.230184873821911
-65.20322291967679,nC,-83.6272116180212,nC,5.721748771861837,1.496926632682661e-06
-93.7530112954066,nC,-82.21964429219223,nC,8.508023418188293,9.57072576481847e-07
-24.813967333620983,uC,78.5518016733022,nC,6.635139569534392,-0.0003979180480118182
93.40407518655088,uC,-9.74057523143856,nC,2.801383444038509,-0.0010419496196819062
6.4306143481679685,uC,-56.84219789914967,uC,5.835442623176567,-0.09647551978923898
-54.85137310109618,nC,74.77615191178644,nC,9.465571168827754,-4.114322886416108e-07
72.51401790203008,nC,-30.57085298490984,uC,9.664944596447796,-0.00021329083501296344
72.0790131263215,nC,55.81891804423974,uC,9.394995370667864,0.00040967410276334553
-43.67954766116142,uC,23.91487140159373,nC,7.736553475699903,-0.00015685288989929127
11.92031998000729,uC,78.34878631581701,nC,1.2013390970031887,0.005816079983971778
15.703576324765017,nC,64.63188982116904,nC,6.620143943975977,2.0813828196943222e-07
-87.69711751408963,uC,93.30995449579784,nC,3.811869245401485,-0.005061493838680199
90.64434562016788,uC,-92.52457493891862,uC,7.570092428112805,-1.315336459941882
-76.82373967529746,nC,-39.88735534495255,nC,4.9783762038098,1.111211349089968e-06
-97.06475146962276,uC,-43.55163145173376,nC,7.381608907816773,0.0006972769646017168
-80.81247867596291,uC,-91.0755962797945,nC,2.934011061057909,0.007684194754720988
61.25320662527613,uC,-38.43307843481142,nC,5.337883545384166,-0.0007425696893835985
29.91235469919566,uC,-47.87371851107384,uC,3.7998457455601367,-0.8913684052407659
-94.01277022659691,nC,-96.94729296053802,nC,7.239951419028741,1.5627612676711068e-06
25.752189690702977,nC,-20.37028997315281,uC,1.1262182001287837,-0.003717129547815848
-73.25105785289806,uC,35.81847368674954,nC,9.898977213420594,-0.00024064771010135497
30.213881852807138,nC,-60.20481892168258,uC,3.5162963742055333,-0.0013222337597614236
-38.50279184647484,uC,37.234870433353606,uC,8.859494513916015,-0.16415933623638074
92.89507166137722,nC,-87.92428817806585,uC,3.052543234486871,-0.007878060173635263
-48.057530284752495,uC,-14.76348627066039,uC,7.948282589294761,0.10093578851524554
30.47600068647764,uC,-29.833785898229102,uC,8.854554236142523,-0.10422558576197609
